code_presentation,score
2013B,75.40407634177285
2013J,75.94681325742026
2014B,75.20121377210728
2014J,75.08631585437283
