code_module,score
AAA,69.15020820939917
BBB,76.60468209630221
CCC,74.83643552311436
DDD,70.05872599882333
EEE,76.3919211348882
FFF,77.19987079461313
GGG,79.55489614243324
